13,1A,94.22687449917417,80.0200412275,242.84178321744002
16,1A,40.411072435677845,64.74865113112,195.18814259956
8,1A,62.9020735589328,75.98976085668001,229.9822213788
2,1A,41.21738441070377,64.74865113112,195.18814259956
11,1A,60.904824899952665,74.88819198102,226.55864041272
3,1A,43.27812624601034,66.2438261518,199.77140878486
14,1A,25.899228400709234,56.5445606319,170.0167214328
9,1A,23.676695316013436,54.43916400384,163.51297425804
10,1A,69.21773176471918,77.98068589894001,236.31250007354
19,1A,65.21589804313018,76.69684303666,232.22058115651998
15,1A,48.083354578088304,69.12058515802,208.67113430548002
4,1A,52.05013653578088,71.51832460520001,216.087131964
21,1A,36.34234453668857,62.81496188176,189.26467830974
7,1A,81.63976306165131,80.69190138108,244.86881083676002
1,1A,76.38810313876503,80.00859406892,242.71146171976002
22,1A,57.34885321320575,73.85090330354001,223.33406389580003
17,1A,56.271792374386095,73.85090330354001,223.33406389580003
5,1A,98.7029306037274,80.39339470734001,243.9829768728
6,1A,34.013409744063225,61.762703843059995,186.04186289414
18,1A,45.3407952500806,67.68528758222,204.21466741522002
20,1A,29.073306568411773,58.619137986860004,176.39807206582
12,1A,44.096558667608775,66.74662057866,201.33174455437998
23,1A,71.5597552090451,79.21081517095999,240.15346205246
24,1A,90.47198278692392,80.24282054448,243.50659896573998
31,1A,38.38057076198184,63.285175934200005,190.7052591895
45,1A,74.95087473666354,79.08841862922,239.84350822014
46,1A,82.68629759835643,80.52019400238,244.37746356848
36,1A,35.03367752434204,61.762703843059995,186.04186289414
47,1A,30.133564231381694,59.69164869074,179.6851676796
41,1A,47.030576230145,68.66798211878,207.26137269882
43,1A,55.39565562511593,72.8831781282,220.3269833919
32,1A,79.97396810433217,79.7602787828,241.97708246932
48,1A,41.998206112891744,65.77185099804001,198.32554460114
25,1A,70.93375156015124,78.28711752862,237.26789753964
27,1A,20.547516386806024,53.38074211052,160.24525075878
34,1A,87.07995084302422,80.74473442068,245.0440404181
39,1A,31.56167167403504,60.20589027618,181.261353361
28,1A,48.856640082220764,69.61545462894,210.21121740982
37,1A,88.7310556994731,80.50786629314,244.33255548482
38,1A,51.73027711740101,71.51832460520001,216.087131964
35,1A,22.123391331180716,53.88705874002,161.81703368688
33,1A,49.83465715698078,69.61545462894,210.21121740982
30,1A,37.340131798909354,62.81496188176,189.26467830974
29,1A,61.530543248163944,75.85239495372,229.55691541002
44,1A,97.02432245815649,80.65139605072,244.7754724668
26,1A,73.57949587532778,79.17207094192,240.08301799966003
40,1A,88.26376030871212,80.50786629314,244.33255548482
42,1A,95.60987500092,80.17237649168,243.28998350338
70,1A,83.88191772561106,80.05262160192,242.90430231430003
52,1A,68.38812270680718,77.57827424732,235.02777666059998
53,1A,63.77638877696701,76.39041140698,231.26430313976002
63,1A,30.951771163366825,59.69164869074,179.6851676796
57,1A,23.035185540713456,54.43916400384,163.51297425804
69,1A,99.452218879945,79.90909184434,242.48427964948002
50,1A,79.12627700375201,79.7602787828,241.97708246932
51,1A,77.47407699659803,80.00859406892,242.71146171976002
68,1A,33.05820961942436,60.73686232416,182.8947748353
59,1A,58.75644351295345,74.46904986686,225.27039479714
64,1A,94.95249193887136,80.0200412275,242.84178321744002
58,1A,27.31544804840514,57.052638362719996,171.58762381024002
60,1A,91.26432072368003,80.72184010352001,244.99649068246
49,1A,24.602331157390406,55.4526778135,166.65830121556002
62,1A,66.35444593116998,77.62142122966,235.10878732132
54,1A,67.64505080943339,77.57827424732,235.02777666059998
61,1A,84.32236716022486,80.05262160192,242.90430231430003
55,1A,85.46365414579117,80.26307320966,243.55062649874
65,1A,59.055718976443444,74.46904986686,225.27039479714
67,1A,53.232961786500205,71.97268874576,217.50305742528
66,1A,92.5834077015986,80.49729968522,244.32286942756
56,1A,74.29452192260277,79.08841862922,239.84350822014
16,2A,40.411072435677845,62.8669143707,185.17716214601998
20,2A,29.073306568411773,56.952255587479996,167.58464050988002
2,2A,41.21738441070377,62.8669143707,185.17716214601998
6,2A,34.013409744063225,59.93115847026,176.4667550173
14,2A,25.899228400709234,54.983344311719996,161.69903989844
5,2A,98.7029306037274,77.68922363048,231.2634225891
1,2A,76.38810313876503,77.30090078942,230.01039899992
17,2A,56.271792374386095,71.59933526592,211.7856419899
12,2A,44.096558667608775,64.8041258227,190.98087154608
10,2A,69.21773176471918,75.35664493214,223.89057191292
18,2A,45.3407952500806,65.73222621834,193.74932282112002
4,2A,52.05013653578088,69.4226140344,204.99395474932
7,2A,81.63976306165131,78.06786041428,232.245236575
21,2A,36.34234453668857,60.959641641139996,179.50729644628
13,2A,94.22687449917417,77.38455310212001,230.23934217151998
9,2A,23.676695316013436,52.99682202276,155.70513155582
3,2A,43.27812624601034,64.32070351036,189.51211304519998
19,2A,65.21589804313018,74.15733493322,220.03464057278
22,2A,57.34885321320575,71.59933526592,211.7856419899
23,2A,71.5597552090451,76.475824821,227.47265199780003
8,2A,62.9020735589328,73.52245790736,217.95742156583998
24,2A,90.47198278692392,77.59676581118,230.87157754540002
11,2A,60.904824899952665,72.51158574968001,214.75485881542
15,2A,48.083354578088304,67.11645185586,197.97420488780003
41,2A,47.030576230145,66.66384881662,196.6093513648
36,2A,35.03367752434204,59.93115847026,176.4667550173
29,2A,61.530543248163944,73.41415017618,217.57614313006
40,2A,88.26376030871212,77.89879468756,231.73803939483997
47,2A,30.133564231381694,57.9622471945,170.60316817236
48,2A,41.998206112891744,63.857533863200004,188.1340512623
31,2A,38.38057076198184,61.42809459226,180.89944703973998
42,2A,95.60987500092,77.48317477604,230.59596518882
27,2A,20.547516386806024,52.004441428940005,152.69893160258002
39,2A,31.56167167403504,58.4553555641,172.06664336928
46,2A,82.68629759835643,77.91024184614,231.79527518774
34,2A,87.07995084302422,78.11629070058,232.39669128851997
33,2A,49.83465715698078,67.58138260434,199.41566631822002
35,2A,22.123391331180716,52.480819336,154.15536239422002
30,2A,37.340131798909354,60.959641641139996,179.50729644628
26,2A,73.57949587532778,76.42387233206,227.38547748246
45,2A,74.95087473666354,76.4273945347,227.28861690986
38,2A,51.73027711740101,69.4226140344,204.99395474932
28,2A,48.856640082220764,67.58138260434,199.41566631822002
37,2A,88.7310556994731,77.89879468756,231.73803939483997
43,2A,55.39565562511593,70.68356257952,208.95026886469998
32,2A,79.97396810433217,77.18114589966,229.48999355986
25,2A,70.93375156015124,75.60672131958,224.74646715444
44,2A,97.02432245815649,77.91904735274,231.98899633294002
56,2A,74.29452192260277,76.4273945347,227.28861690986
52,2A,68.38812270680718,74.97624704702001,222.67365090080003
65,2A,59.055718976443444,72.16729044162001,213.60221800148003
68,2A,33.05820961942436,58.951986136340004,173.55917673798
69,2A,99.452218879945,77.21636792606,229.82460281066002
50,2A,79.12627700375201,77.18114589966,229.48999355986
59,2A,58.75644351295345,72.16729044162001,213.60221800148003
61,2A,84.32236716022486,77.51927735310001,230.4489132286
63,2A,30.951771163366825,57.9622471945,170.60316817236
54,2A,67.64505080943339,74.97624704702001,222.67365090080003
67,2A,53.232961786500205,69.87257542166,206.35176386704
60,2A,91.26432072368003,78.04672719844001,232.28221970272
64,2A,94.95249193887136,77.38455310212001,230.23934217151998
58,2A,27.31544804840514,55.472049928020006,163.16691784866
62,2A,66.35444593116998,75.03084118794,222.76698927076
55,2A,85.46365414579117,77.66720986398,230.9860491312
57,2A,23.035185540713456,52.99682202276,155.70513155582
53,2A,63.77638877696701,73.9046168938,219.17434257796
49,2A,24.602331157390406,53.95486114084,158.61887368976
51,2A,77.47407699659803,77.30090078942,230.01039899992
66,2A,92.5834077015986,77.83979779334,231.65350653148002
70,2A,83.88191772561106,77.51927735310001,230.4489132286
8,2B,62.9020735589328,79.52076900328001,239.22448110616003
3,2B,43.27812624601034,70.03107454046,209.75773381992
20,2B,29.073306568411773,62.63621009778,187.64798729798002
5,2B,98.7029306037274,83.89622523282,253.2595780759
12,2B,44.096558667608775,70.51713850478001,211.24850608730003
6,2B,34.013409744063225,65.61335187924,196.54066841332
13,2B,94.22687449917417,83.56601873532,252.17033690948003
2,2B,41.21738441070377,68.57112154618001,205.37787483708001
19,2B,65.21589804313018,80.19086805554001,241.3897551791
4,2B,52.05013653578088,75.24481499832,225.72652003902
15,2B,48.083354578088304,72.88053647622,218.45757434072002
17,2B,56.271792374386095,77.49021918132,232.75683650846
21,2B,36.34234453668857,66.63655174616,199.57768763966
18,2B,45.3407952500806,71.46901376824,214.105892979
22,2B,57.34885321320575,77.49021918132,232.75683650846
14,2B,25.899228400709234,60.73069846954001,181.93145241326002
9,2B,23.676695316013436,58.7811593083,176.05201565644
16,2B,40.411072435677845,68.57112154618001,205.37787483708001
23,2B,71.5597552090451,82.6088601679,249.14388429106
24,2B,90.47198278692392,83.8020063122,252.85716642428
11,2B,60.904824899952665,78.46146655929999,235.87486639551997
7,2B,81.63976306165131,84.30127853642,254.29774730404
10,2B,69.21773176471918,81.43508613812,245.41034949266003
1,2B,76.38810313876503,83.48412752394,251.87887464102
43,2B,55.39565562511593,76.56123823502,229.84309437451998
30,2B,37.340131798909354,66.63655174616,199.57768763966
47,2B,30.133564231381694,63.64532115414,190.63481513669998
32,2B,79.97396810433217,83.36437263418,251.39809398066004
37,2B,88.7310556994731,84.09522968198,253.73595598296
39,2B,31.56167167403504,64.13578787176,192.11237914418
29,2B,61.530543248163944,79.39837246154,238.81590559992
44,2B,97.02432245815649,84.14189886695999,254.01068778887998
33,2B,49.83465715698078,73.35515328196,219.94130220282
36,2B,35.03367752434204,65.61335187924,196.54066841332
26,2B,73.57949587532778,82.55866878028,249.05318757308
34,2B,87.07995084302422,84.32681450556,254.42102439644
35,2B,22.123391331180716,58.27572322946,174.54979623048
46,2B,82.68629759835643,84.13221280970001,253.82224994764
28,2B,48.856640082220764,73.35515328196,219.94130220282
41,2B,47.030576230145,72.41736682906,217.04781273406
38,2B,51.73027711740101,75.24481499832,225.72652003902
48,2B,41.998206112891744,69.56350214,208.36294157448003
45,2B,74.95087473666354,82.56131043226,249.00211563480002
40,2B,88.26376030871212,84.09522968198,253.73595598296
25,2B,70.93375156015124,81.71069849470001,246.31115281784
42,2B,95.60987500092,83.68225142244,252.55161534526002
31,2B,38.38057076198184,67.11469075454,201.00946301282
27,2B,20.547516386806024,57.80550917702001,173.1074542494
66,2B,92.5834077015986,84.03887443974,253.64437871432
65,2B,59.055718976443444,78.07930757286,234.64385657283998
55,2B,85.46365414579117,83.86276430774,252.95314644622002
67,2B,53.232961786500205,75.71062629746,227.14244550030003
49,2B,24.602331157390406,59.719826311860004,178.92877466266
62,2B,66.35444593116998,81.09255193138,244.23481436155998
59,2B,58.75644351295345,78.07930757286,234.64385657283998
63,2B,30.951771163366825,63.64532115414,190.63481513669998
50,2B,79.12627700375201,83.36437263418,251.39809398066004
64,2B,94.95249193887136,83.56601873532,252.17033690948003
69,2B,99.452218879945,83.41808622444,251.78905847369998
70,2B,83.88191772561106,83.6919374797,252.3790274159
54,2B,67.64505080943339,81.04236054376,244.14059544094002
57,2B,23.035185540713456,58.7811593083,176.05201565644
61,2B,84.32236716022486,83.6919374797,252.3790274159
53,2B,63.77638877696701,79.91525569896,240.49511570854
68,2B,33.05820961942436,64.63153789334,193.59258480364
52,2B,68.38812270680718,81.04236054376,244.14059544094002
60,2B,91.26432072368003,84.26341485804001,254.31095556394
56,2B,74.29452192260277,82.56131043226,249.00211563480002
58,2B,27.31544804840514,61.17713765416,183.28485877768
51,2B,77.47407699659803,83.48412752394,251.87887464102
21,3A,36.34234453668857,58.72216241408,166.54206852843998
14,3A,25.899228400709234,53.18349876268,150.37339730952002
5,3A,98.7029306037274,74.49722748798,215.08154311028
23,3A,71.5597552090451,73.20986242306,211.31190573482
6,3A,34.013409744063225,57.76940659995999,163.75864789218
2,3A,41.21738441070377,60.537857875,171.84650570428
24,3A,90.47198278692392,74.40917242198,214.69850357318
7,3A,81.63976306165131,74.87234206914,216.04222388033998
12,3A,44.096558667608775,62.386133710340005,177.26981721922002
18,3A,45.3407952500806,63.27989263024,179.8832915781
3,3A,43.27812624601034,61.928247367139996,175.90496369622002
1,3A,76.38810313876503,74.06135491128,213.81355015987998
13,3A,94.22687449917417,74.21897347942,214.11822068824
20,3A,29.073306568411773,55.02032743944,155.73242862627998
19,3A,65.21589804313018,71.05779661002,204.33794450762002
16,3A,40.411072435677845,60.537857875,171.84650570428
10,3A,69.21773176471918,72.18754310679999,207.97021598012003
22,3A,57.34885321320575,68.76660379270001,196.71853964664
17,3A,56.271792374386095,68.76660379270001,196.71853964664
4,3A,52.05013653578088,66.76863434516,190.41467747169997
8,3A,62.9020735589328,70.49512473828,202.42803012608002
9,3A,23.676695316013436,51.37396715638,144.98794947296
15,3A,48.083354578088304,64.58662980968,183.82991963622
11,3A,60.904824899952665,69.55733828538,199.43327733142
37,3A,88.7310556994731,74.73761781816,215.57553203054002
31,3A,38.38057076198184,59.173004352,167.85585011316
28,3A,48.856640082220764,65.0198607344,185.16659553809998
35,3A,22.123391331180716,50.903753103940005,143.60196273412
26,3A,73.57949587532778,73.16231268742,211.24674498598003
29,3A,61.530543248163944,70.40795022294,202.07933206472
27,3A,20.547516386806024,50.455552818,142.26704793356
44,3A,97.02432245815649,74.69535138648,215.74547830792
39,3A,31.56167167403504,56.399269773,159.76535064908
32,3A,79.97396810433217,74.03405784082,213.43579392674
48,3A,41.998206112891744,61.47652487856,174.5911821115
43,3A,55.39565562511593,67.91599185513999,194.07688766664
40,3A,88.26376030871212,74.73761781816,215.57553203054002
41,3A,47.030576230145,64.15427943562001,182.54607677394003
30,3A,37.340131798909354,58.72216241408,166.54206852843998
33,3A,49.83465715698078,65.0198607344,185.16659553809998
25,3A,70.93375156015124,72.3900697586,208.74422001026002
46,3A,82.68629759835643,74.73497616618,215.63540947542
38,3A,51.73027711740101,66.76863434516,190.41467747169997
36,3A,35.03367752434204,57.76940659995999,163.75864789218
42,3A,95.60987500092,74.28501477892,214.41760791264
45,3A,74.95087473666354,73.23451784154001,211.23441727674
47,3A,30.133564231381694,55.93433902452,158.42339144324
34,3A,87.07995084302422,74.92781676071999,216.17694813132
51,3A,77.47407699659803,74.06135491128,213.81355015987998
49,3A,24.602331157390406,52.25011506308,147.62255704768
68,3A,33.05820961942436,56.8439478563,161.09410159502
52,3A,68.38812270680718,71.82387568422,206.82109736882
64,3A,94.95249193887136,74.21897347942,214.11822068824
67,3A,53.232961786500205,67.19834306724,191.68795372606
56,3A,74.29452192260277,73.23451784154001,211.23441727674
50,3A,79.12627700375201,74.03405784082,213.43579392674
53,3A,63.77638877696701,70.85526995821999,203.5701043321
57,3A,23.035185540713456,51.37396715638,144.98794947296
61,3A,84.32236716022486,74.40388911802,214.39119139283997
65,3A,59.055718976443444,69.27644262484,198.39510810328
70,3A,83.88191772561106,74.40388911802,214.39119139283997
58,3A,27.31544804840514,53.63346014994001,151.68893999556002
59,3A,58.75644351295345,69.27644262484,198.39510810328
54,3A,67.64505080943339,71.82387568422,206.82109736882
63,3A,30.951771163366825,55.93433902452,158.42339144324
55,3A,85.46365414579117,74.51219684920001,214.86140544527998
66,3A,92.5834077015986,74.64780165084001,215.44873273550002
62,3A,66.35444593116998,71.8749476225,206.89242197228
60,3A,91.26432072368003,74.82743398548,216.02901562044002
69,3A,99.452218879945,74.05078830336001,213.73430060048003
15,3B,48.083354578088304,68.07801317658,199.6076263621
24,3B,90.47198278692392,78.51782180154001,232.46009093604002
16,3B,40.411072435677845,63.70695970034,186.74366177016003
13,3B,94.22687449917417,78.2765509207,231.83401941678
17,3B,56.271792374386095,72.58467145446,213.38119978582
5,3B,98.7029306037274,78.55920768256,232.86778589162003
3,3B,43.27812624601034,65.19949306904,191.07509046669998
22,3B,57.34885321320575,72.58467145446,213.38119978582
14,3B,25.899228400709234,55.637593452100006,163.44869405986
21,3B,36.34234453668857,61.71603465808,180.95932448462003
2,3B,41.21738441070377,63.70695970034,186.74366177016003
10,3B,69.21773176471918,76.25304550402001,225.30385572222002
9,3B,23.676695316013436,53.66515997370001,157.64586521046
18,3B,45.3407952500806,66.65944606332,195.3633721809
6,3B,34.013409744063225,60.654971112780004,177.96104948732
12,3B,44.096558667608775,65.69084033732,192.52711850504
23,3B,71.5597552090451,77.35285327836,228.84895267937998
20,3B,29.073306568411773,57.62851849436,169.24271740266
19,3B,65.21589804313018,75.06782431566,221.45937154066002
4,3B,52.05013653578088,70.43612784406,206.68108981388
1,3B,76.38810313876503,78.22988173572,231.50909622324
7,3B,81.63976306165131,79.06640486271999,233.90947732240002
8,3B,62.9020735589328,74.45584160695999,219.43234392134
11,3B,60.904824899952665,73.46081936116,216.2676448493
37,3B,88.7310556994731,78.85859490696,233.37762472376002
34,3B,87.07995084302422,79.0822547746,234.03099331348002
30,3B,37.340131798909354,61.71603465808,180.95932448462003
45,3B,74.95087473666354,77.34404777176,228.75121155612
31,3B,38.38057076198184,62.20914302768,182.39726371240002
38,3B,51.73027711740101,70.43612784406,206.68108981388
35,3B,22.123391331180716,53.155321141559995,156.16477900034
43,3B,55.39565562511593,71.69091253456,210.59954025087998
36,3B,35.03367752434204,60.654971112780004,177.96104948732
41,3B,47.030576230145,67.60163526952,198.19786475544
26,3B,73.57949587532778,77.29561748546,228.75561430942
42,3B,95.60987500092,78.35227827746,232.14925655305998
47,3B,30.133564231381694,58.65700166524,172.1696677965
27,3B,20.547516386806024,52.683345987799996,154.74709243774
28,3B,48.856640082220764,68.54558557704,201.03499898196
25,3B,70.93375156015124,76.48110812496,226.10867902546
29,3B,61.530543248163944,74.35721993304,219.07131815073998
40,3B,88.26376030871212,78.85859490696,233.37762472376002
44,3B,97.02432245815649,78.78991195548,233.57927082490002
46,3B,82.68629759835643,78.90350299062001,233.4647992391
32,3B,79.97396810433217,78.16912374018,231.12165393284
33,3B,49.83465715698078,68.54558557704,201.03499898196
48,3B,41.998206112891744,64.71342910471999,189.65564280278
39,3B,31.56167167403504,59.154512788139996,173.62081528418
56,3B,74.29452192260277,77.34404777176,228.75121155612
69,3B,99.452218879945,78.08547142748,231.45009932902
67,3B,53.232961786500205,70.90370024452001,208.0653154514
52,3B,68.38812270680718,75.87616982154,224.08781526076
49,3B,24.602331157390406,54.615274135840004,160.49708824754
68,3B,33.05820961942436,59.657307215,175.06315726526
59,3B,58.75644351295345,73.13149341432,215.14846496044
66,3B,92.5834077015986,78.7432427705,233.24906432740002
58,3B,27.31544804840514,56.12277686576,164.87606667972
53,3B,63.77638877696701,74.8335978401,220.6439816295
63,3B,30.951771163366825,58.65700166524,172.1696677965
60,3B,91.26432072368003,78.9589776822,233.88482190392
65,3B,59.055718976443444,73.13149341432,215.14846496044
62,3B,66.35444593116998,75.93252506378,224.1749897761
55,3B,85.46365414579117,78.64021834328001,232.61330675087999
64,3B,94.95249193887136,78.2765509207,231.83401941678
50,3B,79.12627700375201,78.16912374018,231.12165393284
57,3B,23.035185540713456,53.66515997370001,157.64586521046
54,3B,67.64505080943339,75.87616982154,224.08781526076
51,3B,77.47407699659803,78.22988173572,231.50909622324
70,3B,83.88191772561106,78.51606070022,232.11667617864
61,3B,84.32236716022486,78.51606070022,232.11667617864
14,3C,25.899228400709234,43.21830694346,125.55507695742
20,3C,29.073306568411773,44.84028125918,130.24488977258002
24,3C,90.47198278692392,62.502366397459994,184.35384727892
10,3C,69.21773176471918,60.7976203197,178.52196025774
5,3C,98.7029306037274,62.534066221219994,184.64178734473998
7,3C,81.63976306165131,62.97081934858,185.59630426018
18,3C,45.3407952500806,52.552143939459995,152.42508034732
15,3C,48.083354578088304,53.778751008840004,156.10314045414
4,3C,52.05013653578088,55.79521202024,162.18510386276
19,3C,65.21589804313018,59.79555366862,175.18907600964
22,3C,57.34885321320575,57.652293362180004,168.05133235968
2,3C,41.21738441070377,49.97917491094,144.97562176372
12,3C,44.096558667608775,51.7367540283,150.04935466664
17,3C,56.271792374386095,57.652293362180004,168.05133235968
6,3C,34.013409744063225,47.342806234899996,137.42930260752001
23,3C,71.5597552090451,61.74333172854001,181.62854298622
13,3C,94.22687449917417,62.30688415094,183.78589210322002
11,3C,60.904824899952665,58.40604472714,170.61373478028
21,3C,36.34234453668857,48.27707048516,140.07095458752
9,3C,23.676695316013436,41.61394364094,120.80538669738
16,3C,40.411072435677845,49.97917491094,144.97562176372
3,3C,43.27812624601034,51.29559814764,148.76287015238
1,3C,76.38810313876503,62.370283798459994,183.73305906362
8,3C,62.9020735589328,59.265462171299994,173.3980359672
39,3C,31.56167167403504,46.11355751354001,133.8921306063
26,3C,73.57949587532778,61.6957819929,181.57042664266
30,3C,37.340131798909354,48.27707048516,140.07095458752
27,3C,20.547516386806024,40.81000088836,118.42261661142
44,3C,97.02432245815649,62.74451782896,185.28194767456
37,3C,88.7310556994731,62.77797875404001,185.11904580246
38,3C,51.73027711740101,55.79521202024,162.18510386276
28,3C,48.856640082220764,54.18204321112,157.3500001887
25,3C,70.93375156015124,61.00719137678001,179.26866721742
45,3C,74.95087473666354,61.64999335858,181.40488311858002
34,3C,87.07995084302422,62.97434155122,185.69228428212003
32,3C,79.97396810433217,62.23467899682,183.23114518742
47,3C,30.133564231381694,45.7137875139,132.74213144434
43,3C,55.39565562511593,56.86948382544001,165.59723767026
35,3C,22.123391331180716,41.1833543682,119.54884090556001
33,3C,49.83465715698078,54.18204321112,157.3500001887
41,3C,47.030576230145,53.379861559860004,154.92584422172
31,3C,38.38057076198184,48.69269039668,141.27202568776
40,3C,88.26376030871212,62.77797875404001,185.11904580246
36,3C,35.03367752434204,47.342806234899996,137.42930260752001
48,3C,41.998206112891744,50.8826198881,147.5670823561
29,3C,61.530543248163944,59.17828765596,173.05990451376
42,3C,95.60987500092,62.37732820374,184.08087657432
46,3C,82.68629759835643,62.829931242979995,185.21414527374
69,3C,99.452218879945,62.13253512026,183.3966887115
58,3C,27.31544804840514,43.6092714365,126.69539006212
64,3C,94.95249193887136,62.30688415094,183.78589210322002
49,3C,24.602331157390406,42.35977004996,123.05431308302
61,3C,84.32236716022486,62.482113732280006,184.01835747746
67,3C,53.232961786500205,56.19057926658,163.35535568990002
55,3C,85.46365414579117,62.59042146346,184.47536327
50,3C,79.12627700375201,62.23467899682,183.23114518742
60,3C,91.26432072368003,62.88276428258,185.56988774037998
54,3C,67.64505080943339,60.48238318342,177.48026882695999
66,3C,92.5834077015986,62.690804238700004,185.0124991726
57,3C,23.035185540713456,41.61394364094,120.80538669738
63,3C,30.951771163366825,45.7137875139,132.74213144434
53,3C,63.77638877696701,59.58157985824,174.43796629666
52,3C,68.38812270680718,60.48238318342,177.48026882695999
51,3C,77.47407699659803,62.370283798459994,183.73305906362
65,3C,59.055718976443444,58.12602961726,169.61959308514
56,3C,74.29452192260277,61.64999335858,181.40488311858002
59,3C,58.75644351295345,58.12602961726,169.61959308514
62,3C,66.35444593116998,60.53345512170001,177.5454295758
68,3C,33.05820961942436,46.54326623562,135.13106538492
70,3C,83.88191772561106,62.482113732280006,184.01835747746
6,4A,34.013409744063225,61.03977175120001,162.19126771738001
19,4A,65.21589804313018,73.65277940504001,200.1843870444
20,4A,29.073306568411773,58.35937554216,154.71451206332
1,4A,76.38810313876503,76.4714220677,209.0251156708
7,4A,81.63976306165131,77.30794519470001,211.14900386272
2,4A,41.21738441070377,63.758031638620004,169.84237240212
13,4A,94.22687449917417,76.64577109838,209.20298690412002
4,4A,52.05013653578088,69.81093687546,187.31690024982
3,4A,43.27812624601034,65.13697397218,173.69654264094
9,4A,23.676695316013436,54.8054730784,144.72114262298
22,4A,57.34885321320575,71.64512390024,193.15495112562002
24,4A,90.47198278692392,76.82276178104,209.77446428246
21,4A,36.34234453668857,62.00045252126,164.8655000718
15,4A,48.083354578088304,67.71610685531999,181.14424012322002
23,4A,71.5597552090451,75.63489894070001,206.6784481619
16,4A,40.411072435677845,63.758031638620004,169.84237240212
10,4A,69.21773176471918,74.72264845694001,203.59123754794
5,4A,98.7029306037274,76.89056418186,210.08441811478
8,4A,62.9020735589328,73.16671544072,198.43033012968002
18,4A,45.3407952500806,66.44371115162001,177.41598862877998
17,4A,56.271792374386095,71.64512390024,193.15495112562002
14,4A,25.899228400709234,56.55424668916,149.73411753036
12,4A,44.096558667608775,65.5922186634,174.99799651642
11,4A,60.904824899952665,72.30729799656,195.64602894276
41,4A,47.030576230145,67.29432308918,179.93260241506002
32,4A,79.97396810433217,76.52601620862,208.72044514244
44,4A,97.02432245815649,77.04818275,210.6849536649
34,4A,87.07995084302422,77.35021162638,211.2220895675
47,4A,30.133564231381694,59.2434484048,157.24785631214
42,4A,95.60987500092,76.67218761818,209.44866053826001
31,4A,38.38057076198184,62.43368344598,166.08858493854
45,4A,74.95087473666354,75.70446244284,206.62473457164
35,4A,22.123391331180716,54.355511691139995,143.42321095014
26,4A,73.57949587532778,75.59263250902,206.6300178756
38,4A,51.73027711740101,69.81093687546,187.31690024982
36,4A,35.03367752434204,61.03977175120001,162.19126771738001
25,4A,70.93375156015124,74.86353656254,204.27806706273998
37,4A,88.7310556994731,77.19963746352,210.68319256358
30,4A,37.340131798909354,62.00045252126,164.8655000718
39,4A,31.56167167403504,59.692529241399995,158.47622448284
43,4A,55.39565562511593,70.83501729304001,190.67972322036002
33,4A,49.83465715698078,68.13084621618,182.39990536437998
40,4A,88.26376030871212,77.19963746352,210.68319256358
46,4A,82.68629759835643,77.20492076748,210.80118635201998
29,4A,61.530543248163944,73.11036019848,198.12213739868
27,4A,20.547516386806024,53.92140021576,142.18515672218
48,4A,41.998206112891744,64.7160707567,172.4954715407
28,4A,48.856640082220764,68.13084621618,182.39990536437998
57,4A,23.035185540713456,54.8054730784,144.72114262298
62,4A,66.35444593116998,74.42678343518,202.57684318762003
54,4A,67.64505080943339,74.37835314888,202.51960739472
64,4A,94.95249193887136,76.64577109838,209.20298690412002
65,4A,59.055718976443444,72.10301024344001,194.71352579382
60,4A,91.26432072368003,77.20315966616,210.99754914919998
61,4A,84.32236716022486,76.91521960034,209.62124846762
66,4A,92.5834077015986,77.06139100989999,210.47538260782
50,4A,79.12627700375201,76.52601620862,208.72044514244
49,4A,24.602331157390406,55.652562813319996,147.14529858996
69,4A,99.452218879945,76.44764719988,208.79353084722
70,4A,83.88191772561106,76.91521960034,209.62124846762
68,4A,33.05820961942436,60.12664071678,159.72660642004
58,4A,27.31544804840514,56.99716367114,150.9572023971
55,4A,85.46365414579117,76.97597759588,210.02630177122
59,4A,58.75644351295345,72.10301024344001,194.71352579382
63,4A,30.951771163366825,59.2434484048,157.24785631214
52,4A,68.38812270680718,74.37835314888,202.51960739472
67,4A,53.232961786500205,70.22039293236,188.49859923554
51,4A,77.47407699659803,76.4714220677,209.0251156708
53,4A,63.77638877696701,73.50748854614,199.49227422564
56,4A,74.29452192260277,75.70446244284,206.62473457164
21,4B,36.34234453668857,57.47970543282,164.39176381672002
18,4B,45.3407952500806,62.094671441879996,177.67927327612
15,4B,48.083354578088304,63.42518348914,181.62414023291998
17,4B,56.271792374386095,67.61660463074,194.44583839318
22,4B,57.34885321320575,67.61660463074,194.44583839318
12,4B,44.096558667608775,61.19562921802,175.06844056922
13,4B,94.22687449917417,72.84619500048,211.57342928083997
16,4B,40.411072435677845,59.3182952109,169.68299273266
10,4B,69.21773176471918,70.98206925326001,205.59889305273998
6,4B,34.013409744063225,56.489966490979995,161.62243199102
2,4B,41.21738441070377,59.3182952109,169.68299273266
19,4B,65.21589804313018,69.89018643486,202.01241021456
20,4B,29.073306568411773,53.7047847534,153.70980376026
8,4B,62.9020735589328,69.33103676576,200.10865968764
7,4B,81.63976306165131,73.58145480158,213.56699597508
23,4B,71.5597552090451,71.98853865763999,208.91240518632
14,4B,25.899228400709234,51.86795607664,148.45908017468
9,4B,23.676695316013436,50.051380065059995,143.16609015742
3,4B,43.27812624601034,60.729817918879995,173.7150342048
1,4B,76.38810313876503,72.80480911946,211.37530538233997
24,4B,90.47198278692392,73.0680937668,212.1862925402
4,4B,52.05013653578088,65.6186351832,188.173676042
11,4B,60.904824899952665,68.41086132606,197.14560671674
5,4B,98.7029306037274,73.08834643198,212.50593242978
38,4B,51.73027711740101,65.6186351832,188.173676042
33,4B,49.83465715698078,63.858414413860004,182.9432051216
30,4B,37.340131798909354,57.47970543282,164.39176381672002
35,4B,22.123391331180716,49.573241056680004,141.79859498244
48,4B,41.998206112891744,60.273692677,172.3986109681
32,4B,79.97396810433217,72.76254268778,210.98786309194003
40,4B,88.26376030871212,73.40358356826,213.07036540284
44,4B,97.02432245815649,73.29879803972,213.17955368468
43,4B,55.39565562511593,66.78096205439999,191.84469174354
46,4B,82.68629759835643,73.43352229070001,213.15577881686
39,4B,31.56167167403504,55.106621404120006,157.6890121928
27,4B,20.547516386806024,49.132965726680006,140.49273835366
25,4B,70.93375156015124,71.18547645571999,206.36849432958002
42,4B,95.60987500092,72.90519189470001,211.86224989732
45,4B,74.95087473666354,71.99206086028,208.81290296173998
41,4B,47.030576230145,62.98050540584,180.32268635744
37,4B,88.7310556994731,73.40358356826,213.07036540284
29,4B,61.530543248163944,69.24474280108,199.76348382892
36,4B,35.03367752434204,56.489966490979995,161.62243199102
47,4B,30.133564231381694,54.647854510260004,156.37787226006
31,4B,38.38057076198184,57.93230847206,165.70114264814
28,4B,48.856640082220764,63.858414413860004,182.9432051216
26,4B,73.57949587532778,71.93482506737999,208.8402000322
34,4B,87.07995084302422,73.60611022006,213.68410921286
51,4B,77.47407699659803,72.80480911946,211.37530538233997
49,4B,24.602331157390406,50.91431971186,145.73377588198
54,4B,67.64505080943339,70.63777394520001,204.47354930926002
62,4B,66.35444593116998,70.69236808612,204.54927666601998
63,4B,30.951771163366825,54.647854510260004,156.37787226006
65,4B,59.055718976443444,68.12556291221999,196.10919858992
52,4B,68.38812270680718,70.63777394520001,204.47354930926002
66,4B,92.5834077015986,73.28294812784,212.9127468347
53,4B,63.77638877696701,69.67973482712,201.23400343112002
68,4B,33.05820961942436,55.57331325392,159.01247983478
58,4B,27.31544804840514,52.319678565219995,149.76317570214
57,4B,23.035185540713456,50.051380065059995,143.16609015742
67,4B,53.232961786500205,66.05979106386,189.47424936682
59,4B,58.75644351295345,68.12556291221999,196.10919858992
70,4B,83.88191772561106,73.09539083726,211.90187467701998
50,4B,79.12627700375201,72.76254268778,210.98786309194003
55,4B,85.46365414579117,73.20017636579999,212.37296928012003
56,4B,74.29452192260277,71.99206086028,208.81290296173998
64,4B,94.95249193887136,72.84619500048,211.57342928083997
60,4B,91.26432072368003,73.47578872238,213.50447687822
69,4B,99.452218879945,72.63838504472,211.16397322394002
61,4B,84.32236716022486,73.09539083726,211.90187467701998
9,4C,23.676695316013436,46.7088097597,128.92054157994
17,4C,56.271792374386095,63.01308578026,176.27479497342
14,4C,25.899228400709234,48.3246202208,133.64733752282
8,4C,62.9020735589328,64.50385804764,181.49557983655998
18,4C,45.3407952500806,57.85305891266,160.59747102277998
16,4C,40.411072435677845,55.2149291353,153.08021003836
12,4C,44.096558667608775,57.00508862708,158.17947891042
1,4C,76.38810313876503,67.70377914608,192.05602390194002
22,4C,57.34885321320575,63.01308578026,176.27479497342
3,4C,43.27812624601034,56.557768891799995,156.88947219352
6,4C,34.013409744063225,52.53893567956,145.51804097028
20,4C,29.073306568411773,50.00383032942,138.36180575646
21,4C,36.34234453668857,53.47055827784,148.13239587982
19,4C,65.21589804313018,64.97847485337999,183.2337868394
10,4C,69.21773176471918,66.02280793614,186.64504009624
2,4C,41.21738441070377,55.2149291353,153.08021003836
15,4C,48.083354578088304,59.117529660420004,164.31427535864
4,4C,52.05013653578088,61.20091252198,170.47108557336
24,4C,90.47198278692392,68.1193990576,193.0343156852
7,4C,81.63976306165131,68.52797456384,194.22922293082001
13,4C,94.22687449917417,67.96882489474,192.50686583986
5,4C,98.7029306037274,68.1898431104,193.35747777742
23,4C,71.5597552090451,66.9174474067,189.7058341904
11,4C,60.904824899952665,63.65676831272,178.71832305492
35,4C,22.123391331180716,46.28966764554001,127.69129285858001
43,4C,55.39565562511593,62.2153068823,173.81277532806
41,4C,47.030576230145,58.6975069956,163.10792095444
33,4C,49.83465715698078,59.530507919959994,165.5655378465
27,4C,20.547516386806024,45.90046425382,126.54305479793999
31,4C,38.38057076198184,53.90026699992,149.34843634128
46,4C,82.68629759835643,68.41966683266,193.88756927474
45,4C,74.95087473666354,66.95619163574,189.66797051202
36,4C,35.03367752434204,52.53893567956,145.51804097028
26,4C,73.57949587532778,66.86989767106,189.6618066574
44,4C,97.02432245815649,68.35186443184,193.94656616896
28,4C,48.856640082220764,59.530507919959994,165.5655378465
48,4C,41.998206112891744,56.128940720379994,155.66990952941998
25,4C,70.93375156015124,66.16105438976,187.3151391485
47,4C,30.133564231381694,50.857083918959994,140.80357273664
34,4C,87.07995084302422,68.59401586334,194.39388590424
39,4C,31.56167167403504,51.277987134440004,141.96942181048
38,4C,51.73027711740101,61.20091252198,170.47108557336
42,4C,95.60987500092,67.98907755992,192.73668956212
30,4C,37.340131798909354,53.47055827784,148.13239587982
40,4C,88.26376030871212,68.4408000485,193.86907771088
32,4C,79.97396810433217,67.76189548964,191.80858916648003
29,4C,61.530543248163944,64.44750280539999,181.18826765622
37,4C,88.7310556994731,68.4408000485,193.86907771088
54,4C,67.64505080943339,65.68995978666,185.57693214566
57,4C,23.035185540713456,46.7088097597,128.92054157994
56,4C,74.29452192260277,66.95619163574,189.66797051202
59,4C,58.75644351295345,63.46304716752,177.82192248304
51,4C,77.47407699659803,67.70377914608,192.05602390194002
58,4C,27.31544804840514,48.738479031000004,134.80966439402002
70,4C,83.88191772561106,68.1458155774,192.76486718324
52,4C,68.38812270680718,65.68995978666,185.57693214566
60,4C,91.26432072368003,68.506841348,194.26620605854
69,4C,99.452218879945,67.76717879360001,192.07715711778
55,4C,85.46365414579117,68.2074541236,193.16727883486
61,4C,84.32236716022486,68.1458155774,192.76486718324
67,4C,53.232961786500205,61.612129680200006,171.66247061634002
53,4C,63.77638877696701,64.83670619712001,182.56192668582
64,4C,94.95249193887136,67.96882489474,192.50686583986
63,4C,30.951771163366825,50.857083918959994,140.80357273664
49,4C,24.602331157390406,47.48281378984,131.19676503604
68,4C,33.05820961942436,51.69272649529999,143.1731345627
62,4C,66.35444593116998,65.74279282626,185.62976518526003
65,4C,59.055718976443444,63.46304716752,177.82192248304
66,4C,92.5834077015986,68.36331159042,193.75988942904002
50,4C,79.12627700375201,67.76189548964,191.80858916648003
19,5A,65.21589804313018,75.56797709054001,197.04170173886
20,5A,29.073306568411773,60.854856112600004,153.43947470764
16,5A,40.411072435677845,66.0765215264,167.90075819682
21,5A,36.34234453668857,64.39202811382,163.1484262848
17,5A,56.271792374386095,73.68535977946,190.31077249382
13,5A,94.22687449917417,78.45442215402001,205.64468168706
2,5A,41.21738441070377,66.0765215264,167.90075819682
3,5A,43.27812624601034,67.4281667895,171.63253189390002
14,5A,25.899228400709234,59.13161847098,148.74878134182
11,5A,60.904824899952665,74.2876564309,192.68121487054
10,5A,69.21773176471918,76.6035046667,200.32615570066002
15,5A,48.083354578088304,69.90955854938,178.7649922399
8,5A,62.9020735589328,75.1153740513,195.36777493419999
6,5A,34.013409744063225,63.44631670498,160.55432404044
23,5A,71.5597552090451,77.46028045887999,203.26983655704
24,5A,90.47198278692392,78.62084622876,206.20911466012
9,5A,23.676695316013436,57.48763038876,144.03255200686002
12,5A,44.096558667608775,67.87196432214,172.88995823638
1,5A,76.38810313876503,78.26950651542,205.50203248014
4,5A,52.05013653578088,71.94275002332,184.70518699226002
22,5A,57.34885321320575,73.68535977946,190.31077249382
18,5A,45.3407952500806,68.67766817604,175.185553807
7,5A,81.63976306165131,79.09282138252,207.53610450474
5,5A,98.7029306037274,78.67455981902,206.46271325019998
45,5A,74.95087473666354,77.54481332224,203.21876461876002
25,5A,70.93375156015124,76.72590120844,200.97864373972
47,5A,30.133564231381694,61.70106529686,155.86098902264
27,5A,20.547516386806024,56.657271116379995,141.64714026892
42,5A,95.60987500092,78.46674986326,205.86922210536
39,5A,31.56167167403504,62.14662393082,157.03476305242
35,5A,22.123391331180716,57.064085521299994,142.80242273484
32,5A,79.97396810433217,78.35668103076,205.22377847158
43,5A,55.39565562511593,72.9139974013,187.94209121842
46,5A,82.68629759835643,79.0118107218,207.22262846978
28,5A,48.856640082220764,70.31285075166,179.97398829608002
48,5A,41.998206112891744,67.0187107326,170.47548832666
40,5A,88.26376030871212,78.99419970860001,207.08790421880002
26,5A,73.57949587532778,77.43298338842,203.24518113855999
29,5A,61.530543248163944,75.0625410117,195.0595822032
31,5A,38.38057076198184,64.79267866412,164.2975448961
34,5A,87.07995084302422,79.12452120628001,207.59510139896
30,5A,37.340131798909354,64.39202811382,163.1484262848
33,5A,49.83465715698078,70.31285075166,179.97398829608002
38,5A,51.73027711740101,71.94275002332,184.70518699226002
36,5A,35.03367752434204,63.44631670498,160.55432404044
37,5A,88.7310556994731,78.99419970860001,207.08790421880002
44,5A,97.02432245815649,78.81720902594,207.03947393250002
41,5A,47.030576230145,69.50978854974,177.61851528058
64,5A,94.95249193887136,78.45442215402001,205.64468168706
62,5A,66.35444593116998,76.30940074626,199.33289455618
54,5A,67.64505080943339,76.27417871986,199.30031418176
67,5A,53.232961786500205,72.33987837098,185.85078340092
51,5A,77.47407699659803,78.26950651542,205.50203248014
66,5A,92.5834077015986,78.8665198629,206.8941830736
61,5A,84.32236716022486,78.72387065598,206.06030159858003
60,5A,91.26432072368003,78.99067750596,207.38553034187998
55,5A,85.46365414579117,78.78022589822,206.46535490218
49,5A,24.602331157390406,58.28717038804,146.30525326032
70,5A,83.88191772561106,78.72387065598,206.06030159858003
52,5A,68.38812270680718,76.27417871986,199.30031418176
63,5A,30.951771163366825,61.70106529686,155.86098902264
69,5A,99.452218879945,78.25189550222,205.2211368196
58,5A,27.31544804840514,59.563088294379995,149.90846656104
56,5A,74.29452192260277,77.54481332224,203.21876461876002
68,5A,33.05820961942436,62.55696053838,158.22438699408002
59,5A,58.75644351295345,74.12211290681999,191.81211136912
65,5A,59.055718976443444,74.12211290681999,191.81211136912
57,5A,23.035185540713456,57.48763038876,144.03255200686002
50,5A,79.12627700375201,78.35668103076,205.22377847158
53,5A,63.77638877696701,75.44205834616,196.38216929452
11,5B,60.904824899952665,70.4088307736,194.47401601430002
22,5B,57.34885321320575,69.7308067654,191.9688493866
24,5B,90.47198278692392,74.7895703071,208.53993225714
6,5B,34.013409744063225,58.9616721936,160.67231782888
1,5B,76.38810313876503,74.52364400778,207.86895265422
17,5B,56.271792374386095,69.7308067654,191.9688493866
5,5B,98.7029306037274,74.81422572558,208.81378351240002
21,5B,36.34234453668857,59.9126669064,163.3201336635
2,5B,41.21738441070377,61.70282639818,168.35424178672
12,5B,44.096558667608775,63.5625493921,173.56269894062
16,5B,40.411072435677845,61.70282639818,168.35424178672
20,5B,29.073306568411773,56.24693450882,153.18411501624
23,5B,71.5597552090451,73.71353740058,205.52492679730003
7,5B,81.63976306165131,75.31878125376001,209.98843809283997
18,5B,45.3407952500806,64.43517509616,176.03616574456
3,5B,43.27812624601034,63.1002602956,172.2489173559
9,5B,23.676695316013436,52.6877487411,143.22772870362
14,5B,25.899228400709234,54.447969510440004,148.23806195902
19,5B,65.21589804313018,71.76135658736,199.03262678112003
15,5B,48.083354578088304,65.73134566768,179.81108642398
8,5B,62.9020735589328,71.2717704204,197.27592821442
10,5B,69.21773176471918,72.8083313221,202.44299948730003
13,5B,94.22687449917417,74.59761026321999,207.95612716955998
4,5B,52.05013653578088,67.86227826487999,186.05859335668
34,5B,87.07995084302422,75.32494510837999,210.0157351633
33,5B,49.83465715698078,66.15929328844,181.08964598230003
25,5B,70.93375156015124,72.95009997836,203.11926239418
47,5B,30.133564231381694,57.15126003664,155.73507027826
43,5B,55.39565562511593,68.91453630358001,189.47072716418
41,5B,47.030576230145,65.30163694560001,178.58095715196
27,5B,20.547516386806024,51.80103422648,140.69966775876
29,5B,61.530543248163944,71.21277352618,196.96509383144002
38,5B,51.73027711740101,67.86227826487999,186.05859335668
26,5B,73.57949587532778,73.66070436097999,205.46504935241998
40,5B,88.26376030871212,75.1594015843,209.46451045014
35,5B,22.123391331180716,52.234265151200006,141.92979703078
31,5B,38.38057076198184,60.348539483100005,164.5529045875
39,5B,31.56167167403504,57.607385278520006,156.95991624632
32,5B,79.97396810433217,74.54565777428,207.54667111266002
28,5B,48.856640082220764,66.15929328844,181.08964598230003
30,5B,37.340131798909354,59.9126669064,163.3201336635
36,5B,35.03367752434204,58.9616721936,160.67231782888
48,5B,41.998206112891744,62.658223864280004,171.00734092529999
44,5B,97.02432245815649,74.9832914523,209.42224401846
45,5B,74.95087473666354,73.7637287882,205.46416880176002
46,5B,82.68629759835643,75.19638471202,209.62124846762
37,5B,88.7310556994731,75.1594015843,209.46451045014
42,5B,95.60987500092,74.61522127642,208.18595089182
57,5B,23.035185540713456,52.6877487411,143.22772870362
53,5B,63.77638877696701,71.6107824245,198.34579726632
70,5B,83.88191772561106,74.89611693696,208.40961075946
66,5B,92.5834077015986,75.02467733332,209.25934214636
65,5B,59.055718976443444,70.19133476058,193.5318268081
68,5B,33.05820961942436,58.048541159180004,158.22086479144
61,5B,84.32236716022486,74.89611693696,208.40961075946
62,5B,66.35444593116998,72.5265551109,201.43212732962002
63,5B,30.951771163366825,57.15126003664,155.73507027826
67,5B,53.232961786500205,68.28758423366,187.2843198754
60,5B,91.26432072368003,75.17877369882,209.78767254236
49,5B,24.602331157390406,53.534838476020006,145.64924301861998
58,5B,27.31544804840514,54.8891253911,149.45058021784
52,5B,68.38812270680718,72.46843876734,201.36432492880002
64,5B,94.95249193887136,74.59761026321999,207.95612716955998
54,5B,67.64505080943339,72.46843876734,201.36432492880002
50,5B,79.12627700375201,74.54565777428,207.54667111266002
51,5B,77.47407699659803,74.52364400778,207.86895265422
55,5B,85.46365414579117,74.9524721792,208.81114186041998
69,5B,99.452218879945,74.37747259822,207.52025459286
59,5B,58.75644351295345,70.19133476058,193.5318268081
56,5B,74.29452192260277,73.7637287882,205.46416880176002
12,6A,44.096558667608775,73.49956359020001,177.90997754904
14,6A,25.899228400709234,64.80324527204,154.21612038976
11,6A,60.904824899952665,79.80694796778,197.29089757564
19,6A,65.21589804313018,81.06525486092,201.5800598405
1,6A,76.38810313876503,83.77911199504001,209.95057441446
4,6A,52.05013653578088,77.5412911196,189.51299359586
20,6A,29.073306568411773,66.49918584320001,158.79058106846
16,6A,40.411072435677845,71.70764299710001,172.99650486624
3,6A,43.27812624601034,73.06281046284,176.67984827702
9,6A,23.676695316013436,63.13019901804,149.53599363186
24,6A,90.47198278692392,84.13749611366,210.63212062530002
21,6A,36.34234453668857,70.03723839508,168.33134746956
22,6A,57.34885321320575,79.22930673482,194.96536328258
18,6A,45.3407952500806,74.31407295070001,180.18972320778
5,6A,98.7029306037274,84.17095703874,210.84521388501997
17,6A,56.271792374386095,79.22930673482,194.96536328258
15,6A,48.083354578088304,75.53627726678,183.70664254382
10,6A,69.21773176471918,82.08581307586,204.79935305346
7,6A,81.63976306165131,84.62796283128,211.96967707783998
8,6A,62.9020735589328,80.62497953092,199.93254955564
23,6A,71.5597552090451,82.93730556408,207.71837849136
6,6A,34.013409744063225,69.11089910076001,165.80240597404
2,6A,41.21738441070377,71.70764299710001,172.99650486624
13,6A,94.22687449917417,83.96578873496,210.06240434827998
30,6A,37.340131798909354,70.03723839508,168.33134746956
44,6A,97.02432245815649,84.3039201884,211.40876630742
31,6A,38.38057076198184,70.44229169868001,169.46989947294
48,6A,41.998206112891744,72.64454889934,175.52632691242
29,6A,61.530543248163944,80.57654924462001,199.6296401286
46,6A,82.68629759835643,84.55663822782,211.6711704041
38,6A,51.73027711740101,77.5412911196,189.51299359586
41,6A,47.030576230145,75.1417905711,182.58129880034
39,6A,31.56167167403504,67.77950650284001,162.30838095516
32,6A,79.97396810433217,83.8988668848,209.70049802702
47,6A,30.133564231381694,67.33218676756,161.14781518528
43,6A,55.39565562511593,78.46410821128,192.64159009084
40,6A,88.26376030871212,84.53726611329999,211.52499899454
35,6A,22.123391331180716,62.713698555860006,148.33404198096
28,6A,48.856640082220764,75.93252506378,184.89010263086
27,6A,20.547516386806024,62.28839258708,147.184042819
45,6A,74.95087473666354,83.05529935252001,207.69724527551998
33,6A,49.83465715698078,75.93252506378,184.89010263086
25,6A,70.93375156015124,82.20116521232,205.45272164318
26,6A,73.57949587532778,82.91441124692,207.6998869275
42,6A,95.60987500092,83.96226653232,210.26757265205998
37,6A,88.7310556994731,84.53726611329999,211.52499899454
36,6A,35.03367752434204,69.11089910076001,165.80240597404
34,6A,87.07995084302422,84.65878210438,212.01898791480002
68,6A,33.05820961942436,68.19248476237999,163.4786327823
62,6A,66.35444593116998,81.79258970608,203.82106127019998
64,6A,94.95249193887136,83.96578873496,210.06240434827998
56,6A,74.29452192260277,83.05529935252001,207.69724527551998
67,6A,53.232961786500205,77.92256955538,190.60575696492
57,6A,23.035185540713456,63.13019901804,149.53599363186
53,6A,63.77638877696701,80.9490221738,200.93021345341998
50,6A,79.12627700375201,83.8988668848,209.70049802702
54,6A,67.64505080943339,81.76265098364,203.79640585172
66,6A,92.5834077015986,84.37612534252,211.29077251898002
65,6A,59.055718976443444,79.65813490624,196.4420467394
59,6A,58.75644351295345,79.65813490624,196.4420467394
51,6A,77.47407699659803,83.77911199504001,209.95057441446
60,6A,91.26432072368003,84.49147747898,211.77155317933997
63,6A,30.951771163366825,67.33218676756,161.14781518528
55,6A,85.46365414579117,84.31888954962001,210.91829958980003
49,6A,24.602331157390406,63.9543944358,151.80869488532
61,6A,84.32236716022486,84.27486201662,210.5308572994
58,6A,27.31544804840514,65.22502903818,155.34762798786
69,6A,99.452218879945,83.76150098184,209.64414278478
52,6A,68.38812270680718,81.76265098364,203.79640585172
70,6A,83.88191772561106,84.27486201662,210.5308572994
17,6B,56.271792374386095,72.35748938418,189.95943278048003
11,6B,60.904824899952665,72.97211374486001,192.35012782238
12,6B,44.096558667608775,66.55906328808,172.4778605275
23,6B,71.5597552090451,76.11039629710001,202.95988272472002
4,6B,52.05013653578088,70.6157601787,184.33535571506
16,6B,40.411072435677845,64.77066489762001,167.5027492985
20,6B,29.073306568411773,59.54107452788,153.09341829826
10,6B,69.21773176471918,75.25009830228001,199.98978534854
9,6B,23.676695316013436,56.14655173358,143.66888458428
19,6B,65.21589804313018,74.24803165120001,196.72646460258002
14,6B,25.899228400709234,57.80638972768,148.38775557122
18,6B,45.3407952500806,67.39558641508,174.84478070158002
3,6B,43.27812624601034,66.11966850874,171.23276189426
13,6B,94.22687449917417,77.11070184686001,205.47473540968
21,6B,36.34234453668857,63.059754965239996,162.70550930282
15,6B,48.083354578088304,68.60106026862,178.39428041204002
6,6B,34.013409744063225,62.12901291762,160.15543459146
22,6B,57.34885321320575,72.35748938418,189.95943278048003
8,6B,62.9020735589328,73.78398145338,195.02347962614
2,6B,41.21738441070377,64.77066489762001,167.5027492985
1,6B,76.38810313876503,76.93635281618,205.26516435259998
7,6B,81.63976306165131,77.76759263922,207.36263602472002
24,6B,90.47198278692392,77.28769252952,206.03124342680002
5,6B,98.7029306037274,77.32203400526001,206.29893082744002
35,6B,22.123391331180716,55.715081910180004,142.45020247084
27,6B,20.547516386806024,55.315311910540004,141.30196441020001
43,6B,55.39565562511593,71.59581306328,187.59603480904002
33,6B,49.83465715698078,68.99466641364,179.5927098603
32,6B,79.97396810433217,77.01824402756,205.00716300922002
28,6B,48.856640082220764,68.99466641364,179.5927098603
30,6B,37.340131798909354,63.059754965239996,162.70550930282
40,6B,88.26376030871212,77.64783774946,206.89594417492
38,6B,51.73027711740101,70.6157601787,184.33535571506
25,6B,70.93375156015124,75.38394200260001,200.66604825541998
36,6B,35.03367752434204,62.12901291762,160.15543459146
29,6B,61.530543248163944,73.72938731245999,194.7117646925
47,6B,30.133564231381694,60.38728371214,155.47354673224
41,6B,47.030576230145,68.19688751568,177.22931188886
31,6B,38.38057076198184,63.4788970794,163.8880888392
48,6B,41.998206112891744,65.69436253996,170.03961574996
26,6B,73.57949587532778,76.06724931476,202.91585519172
45,6B,74.95087473666354,76.19669026178,202.92818290096
37,6B,88.7310556994731,77.64783774946,206.89594417492
46,6B,82.68629759835643,77.66280711068,207.017460166
39,6B,31.56167167403504,60.83108124478,156.64820131268002
44,6B,97.02432245815649,77.47701092142,206.89242197228
34,6B,87.07995084302422,77.79488970968,207.42603567224
42,6B,95.60987500092,77.12214900544001,205.69927582798002
67,6B,53.232961786500205,71.02169403296,185.50472699154
61,6B,84.32236716022486,77.3960002607,205.88066926394
69,6B,99.452218879945,76.90553354308,205.06527935278
56,6B,74.29452192260277,76.19669026178,202.92818290096
55,6B,85.46365414579117,77.44795274964,206.27691706094
50,6B,79.12627700375201,77.01824402756,205.00716300922002
66,6B,92.5834077015986,77.52015790376001,206.71983404291998
64,6B,94.95249193887136,77.11070184686001,205.47473540968
53,6B,63.77638877696701,74.11066574824,196.04756004372
58,6B,27.31544804840514,58.23433734844,149.54920189176
49,6B,24.602331157390406,56.949613935500004,145.96712180688002
57,6B,23.035185540713456,56.14655173358,143.66888458428
54,6B,67.64505080943339,74.93398061534,198.97539098822
52,6B,68.38812270680718,74.93398061534,198.97539098822
60,6B,91.26432072368003,77.65840435738,207.22879232440002
59,6B,58.75644351295345,72.78543700494001,191.45020504786
62,6B,66.35444593116998,74.978888699,199.01501576792
68,6B,33.05820961942436,61.23789564970001,157.81140873454
51,6B,77.47407699659803,76.93635281618,205.26516435259998
65,6B,59.055718976443444,72.78543700494001,191.45020504786
63,6B,30.951771163366825,60.38728371214,155.47354673224
70,6B,83.88191772561106,77.3960002607,205.88066926394
2,7A,41.21738441070377,74.33344506521999,172.87322777384
10,7A,69.21773176471918,84.3743642412,203.68105371526002
5,7A,98.7029306037274,86.33887276366,209.40639410658002
17,7A,56.271792374386095,81.68604307622,194.22570072818002
19,7A,65.21589804313018,83.39519190728001,200.57887374008
18,7A,45.3407952500806,76.89496693516,179.86832221688002
14,7A,25.899228400709234,67.48364148108,154.68457334088
16,7A,40.411072435677845,74.33344506521999,172.87322777384
1,7A,76.38810313876503,86.0165912221,208.6596871469
15,7A,48.083354578088304,78.08018812352,183.26812831514
21,7A,36.34234453668857,72.68241257772,168.34455572945998
4,7A,52.05013653578088,80.04997994994001,188.92390520432
11,7A,60.904824899952665,82.19324025638,196.42179407422
7,7A,81.63976306165131,86.84783104514,210.60130135219998
9,7A,23.676695316013436,65.88191983054,150.23162865326
22,7A,57.34885321320575,81.68604307622,194.22570072818002
13,7A,94.22687449917417,86.16100153034,208.67553705878
8,7A,62.9020735589328,82.97957199576,198.98331594416
23,7A,71.5597552090451,85.1756653418,206.48384646604
20,7A,29.073306568411773,69.211281876,159.14808463641998
24,7A,90.47198278692392,86.34063386497999,209.26110324768
12,7A,44.096558667608775,76.07693537202,177.62644023652
6,7A,34.013409744063225,71.79305641112,165.90719150258002
3,7A,43.27812624601034,75.6525099539,176.43417464288
31,7A,38.38057076198184,73.0813020267,169.44348295314
38,7A,51.73027711740101,80.04997994994001,188.92390520432
41,7A,47.030576230145,77.69626803576,182.18417045268
28,7A,48.856640082220764,78.47291371787999,184.41988857842
26,7A,73.57949587532778,85.15189047398,206.4671160035
25,7A,70.93375156015124,84.46506095918001,204.29567807594
40,7A,88.26376030871212,86.74832882056,210.14869831296
30,7A,37.340131798909354,72.68241257772,168.34455572945998
27,7A,20.547516386806024,65.03130789298,147.93515253198
35,7A,22.123391331180716,65.47598597628,149.077226738
48,7A,41.998206112891744,75.24217334634,175.31499475402
37,7A,88.7310556994731,86.74832882056,210.14869831296
29,7A,61.530543248163944,82.94258886804,198.69449532768002
45,7A,74.95087473666354,85.31127014344,206.47239930746
46,7A,82.68629759835643,86.78178974564,210.31071963440002
42,7A,95.60987500092,86.13458501054001,208.84988608946
33,7A,49.83465715698078,78.47291371787999,184.41988857842
47,7A,30.133564231381694,70.01082187528,161.39965267404
39,7A,31.56167167403504,70.43788894538,162.48977439112
43,7A,55.39565562511593,80.93933611654,191.9688493866
32,7A,79.97396810433217,86.16364318232,208.43602727926
34,7A,87.07995084302422,86.86368095702001,210.63124007464
36,7A,35.03367752434204,71.79305641112,165.90719150258002
44,7A,97.02432245815649,86.46214985606,209.95497716776
67,7A,53.232961786500205,80.438302791,190.01314637074
53,7A,63.77638877696701,83.29745078402,199.95280222082
60,7A,91.26432072368003,86.67788476776,210.3591499207
59,7A,58.75644351295345,82.07700756926,195.61961242296
52,7A,68.38812270680718,84.06529095954001,202.71861184387998
65,7A,59.055718976443444,82.07700756926,195.61961242296
69,7A,99.452218879945,85.94438606798,208.24230613406
57,7A,23.035185540713456,65.88191983054,150.23162865326
61,7A,84.32236716022486,86.52114675028001,209.21531461336
70,7A,83.88191772561106,86.52114675028001,209.21531461336
49,7A,24.602331157390406,66.68234038048,152.39866382752
68,7A,33.05820961942436,70.85174775558,163.63801245176
51,7A,77.47407699659803,86.0165912221,208.6596871469
56,7A,74.29452192260277,85.31127014344,206.47239930746
58,7A,27.31544804840514,67.92655846306,155.80023102709998
63,7A,30.951771163366825,70.01082187528,161.39965267404
62,7A,66.35444593116998,84.09787133396,202.74502836368
55,7A,85.46365414579117,86.54051886479999,209.57017652934
54,7A,67.64505080943339,84.06529095954001,202.71861184387998
64,7A,94.95249193887136,86.16100153034,208.67553705878
50,7A,79.12627700375201,86.16364318232,208.43602727926
66,7A,92.5834077015986,86.5713381379,209.89333862156
2,8A,41.21738441070377,98.94395546156001,199.73178400516002
4,8A,52.05013653578088,104.47909691032,215.17576203090002
11,8A,60.904824899952665,106.39605569714,222.25538933730002
21,8A,36.34234453668857,97.30613123396,195.3149418946
6,8A,34.013409744063225,96.47489141092,193.01494357068
18,8A,45.3407952500806,101.40509455626,206.43101342644002
12,8A,44.096558667608775,100.60203235434,204.26045604954
8,8A,62.9020735589328,107.17358192991999,224.7693614716
23,8A,71.5597552090451,109.30099232447999,232.07000699366003
5,8A,98.7029306037274,110.90975838029999,235.49270740908003
22,8A,57.34885321320575,105.98924129222,220.19754244487999
7,8A,81.63976306165131,111.37821133141999,236.60220124068002
19,8A,65.21589804313018,107.53989100448,226.27686420152
24,8A,90.47198278692392,110.88510296182,235.33068608764
1,8A,76.38810313876503,110.33123659668,234.43780771840002
3,8A,43.27812624601034,100.21018731064,203.14127616068
15,8A,48.083354578088304,102.5577353702,209.70930353362002
14,8A,25.899228400709234,92.34510881552,182.32417800762002
10,8A,69.21773176471918,108.54724095952001,229.35350820756
16,8A,40.411072435677845,98.94395546156001,199.73178400516002
17,8A,56.271792374386095,105.98924129222,220.19754244487999
20,8A,29.073306568411773,93.98205249246,186.5710738408
9,8A,23.676695316013436,90.7143289932,177.9680938926
13,8A,94.22687449917417,110.72572329236,234.77153641854
36,8A,35.03367752434204,96.47489141092,193.01494357068
32,8A,79.97396810433217,110.66584584748,234.44044937037998
44,8A,97.02432245815649,110.99517179432,235.99197963330002
37,8A,88.7310556994731,111.32537829182,236.21916170358
25,8A,70.93375156015124,108.59302959384,229.91882173128
48,8A,41.998206112891744,99.81217841232,202.0643627035
28,8A,48.856640082220764,102.92668609674001,210.80558910532
40,8A,88.26376030871212,111.32537829182,236.21916170358
38,8A,51.73027711740101,104.47909691032,215.17576203090002
47,8A,30.133564231381694,94.70146238168,188.64829284773998
46,8A,82.68629759835643,111.35707811558001,236.37237751842
35,8A,22.123391331180716,90.35946707722,176.9246413605
33,8A,49.83465715698078,102.92668609674001,210.80558910532
43,8A,55.39565562511593,105.269831403,218.03402947326
27,8A,20.547516386806024,89.90246128468,175.79665596504
29,8A,61.530543248163944,107.15244871408001,224.49815186832
42,8A,95.60987500092,110.66672639814,234.90009681490002
26,8A,73.57949587532778,109.30011177382,232.09025965883998
34,8A,87.07995084302422,111.39141959132,236.63830381774
31,8A,38.38057076198184,97.69181242304,196.36984158528
45,8A,74.95087473666354,109.61270725812,232.27869750008
39,8A,31.56167167403504,95.0950685267,189.67589546796
41,8A,47.030576230145,102.17821803574002,208.65704549492
30,8A,37.340131798909354,97.30613123396,195.3149418946
68,8A,33.05820961942436,95.49924127964,190.77306159032
51,8A,77.47407699659803,110.33123659668,234.43780771840002
60,8A,91.26432072368003,111.22323441526,236.40671899416003
52,8A,68.38812270680718,108.2284816206,228.39987184278
57,8A,23.035185540713456,90.7143289932,177.9680938926
55,8A,85.46365414579117,111.07001860041998,235.59661238696
67,8A,53.232961786500205,104.86125589676,216.22625896828
59,8A,58.75644351295345,106.35555036678,221.54566550534
65,8A,59.055718976443444,106.35555036678,221.54566550534
50,8A,79.12627700375201,110.66584584748,234.44044937037998
69,8A,99.452218879945,110.51086893132,234.35327485504
66,8A,92.5834077015986,111.15719311576,235.98933798132
70,8A,83.88191772561106,111.08322686032,235.27961414936001
62,8A,66.35444593116998,108.2372871272,228.39106633618002
54,8A,67.64505080943339,108.2284816206,228.39987184278
53,8A,63.77638877696701,107.49410237016001,225.71507288044
58,8A,27.31544804840514,92.78450359486,183.41782192734
63,8A,30.951771163366825,94.70146238168,188.64829284773998
64,8A,94.95249193887136,110.72572329236,234.77153641854
61,8A,84.32236716022486,111.08322686032,235.27961414936001
56,8A,74.29452192260277,109.61270725812,232.27869750008
49,8A,24.602331157390406,91.59840185584,180.19324541042
